{
  "image_size": [
    1280,
    720
  ],
  "intrinsic": [
    [
      1545.0966799187806,
      0.0,
      640.0
    ],
    [
      0.0,
      1545.0966799187806,
      360.0
    ],
    [
      0.0,
      0.0,
      1.0
    ]
  ],
  "distortion": [
    0.0,
    0.0,
    0.0,
    0.0,
    0.0
  ],
  "rotate": [
    0.0,
    0.0,
    0.0
  ],
  "translate": [
    0.0,
    0.0,
    0.0
  ]
}