{
  "image_size": [
    1280,
    720
  ],
  "intrinsic": [
    [
      1545.0966799187806,
      0.0,
      640.0
    ],
    [
      0.0,
      1545.0966799187806,
      360.0
    ],
    [
      0.0,
      0.0,
      1.0
    ]
  ],
  "distortion": [
    0.0,
    0.0,
    0.0,
    0.0,
    0.0
  ],
  "rotate": [
    2.0124629093104147,
    -0.6043495222455135,
    0.3540514826731922
  ],
  "translate": [
    -165.251953125,
    -234.10125732421875,
    169.02340698242188
  ]
}