{
  "image_size": [
    1280,
    720
  ],
  "intrinsic": [
    [
      1545.0966799187806,
      0.0,
      640.0
    ],
    [
      0.0,
      1545.0966799187806,
      360.0
    ],
    [
      0.0,
      0.0,
      1.0
    ]
  ],
  "distortion": [
    0.0,
    0.0,
    0.0,
    0.0,
    0.0
  ],
  "rotate": [
    2.0463583137297974,
    -0.294058750956097,
    0.17604468733613388
  ],
  "translate": [
    -87.9775161743164,
    -273.26959228515625,
    163.48275756835938
  ]
}