{
  "image_size": [
    1280,
    720
  ],
  "intrinsic": [
    [
      1545.0966799187806,
      0.0,
      640.0
    ],
    [
      0.0,
      1545.0966799187806,
      360.0
    ],
    [
      0.0,
      0.0,
      1.0
    ]
  ],
  "distortion": [
    0.0,
    0.0,
    0.0,
    0.0,
    0.0
  ],
  "rotate": [
    -0.018859947770447708,
    0.2613453333177428,
    0.1432532291587538
  ],
  "translate": [
    86.06858237914737,
    2.1641205152356235e-05,
    11.331151434447284
  ]
}